code,name,image
0004,TPU 曼塔紫,images/aks_colorppf_GTPU-0004.jpg
0005,TPU 緞面神祕黑,images/aks_colorppf_GTPU-0005.jpg
0006,TPU 液態金屬槍灰,images/aks_colorppf_GTPU-0006.jpg
0007,TPU 液態金屬銀,images/aks_colorppf_GTPU-0007.jpg
0008,TPU 液態金屬龍血紅,images/aks_colorppf_GTPU-0008.jpg
0010,TPU 金屬 GT 銀,images/aks_colorppf_GTPU-0010.jpg
0015,TPU 消光隕石灰,images/aks_colorppf_GTPU-0015.jpg
0021,TPU 消光卡普里灰紫,images/aks_colorppf_GTPU-0021.jpg
0022,TPU 消光礦石白,images/aks_colorppf_GTPU-0022.jpg
0024,TPU 熔岩橘 (Porsche),images/aks_colorppf_GTPU-0024.jpg
0026,TPU 深翠綠,images/aks_colorppf_GTPU-0026.jpg
0028,TPU 地獄綠 (Audi),images/aks_colorppf_GTPU-0028.jpg
0029,TPU 冰川藍 B,images/aks_colorppf_GTPU-0029.jpg
0030,TPU 邁阿密藍,images/aks_colorppf_GTPU-0030.jpg
0033,TPU 胡椒白,images/aks_colorppf_GTPU-0033.jpg
0034,TPU 秋藍,images/aks_colorppf_GTPU-0034.jpg
0036,TPU 盧加諾藍,images/aks_colorppf_GTPU-0036.jpg
0037,TPU 摩根石粉,images/aks_colorppf_GTPU-0037.jpg
0044,TPU 金屬黑橄欖綠,images/aks_colorppf_GTPU-0044.jpg
0046,TPU 亮面碳纖維,images/aks_colorppf_GTPU-0046.jpg
0050,TPU 消光毒液綠,images/aks_colorppf_GTPU-0050.jpg
0052,TPU 緞面液態金屬星瀚銀,images/aks_colorppf_GTPU-0052.jpg
0054,TPU 緞面液態金屬鎢鋼,images/aks_colorppf_GTPU-0054.jpg
0057,TPU 緞面液態金屬索瑪托藍,images/aks_colorppf_GTPU-0057.jpg
0059,TPU 法蘭西斯卡綠,images/aks_colorppf_GTPU-0059.jpg
0061,TPU 金屬砂金石綠,images/aks_colorppf_GTPU-0061.jpg
0062,TPU 拜倫灣藍,images/aks_colorppf_GTPU-0062.jpg
0066,TPU 納瓦拉藍 (Audi),images/aks_colorppf_GTPU-0066.jpg
0067,TPU 冰莓粉 (Porsche),images/aks_colorppf_GTPU-0067.jpg
0069,TPU 金屬午夜紫,images/aks_colorppf_GTPU-0069.jpg
0070,TPU 液態金屬威尼斯紫,images/aks_colorppf_GTPU-0070.jpg
0072,TPU 灰紫羅蘭 (Bentley),images/aks_colorppf_GTPU-0072.jpg
0074,TPU 冰川藍 (Tesla),images/aks_colorppf_GTPU-0074.jpg
0076,TPU 森林綠,images/aks_colorppf_GTPU-0076.jpg
0077,TPU 緋紅色,images/aks_colorppf_GTPU-0077.jpg
0078,TPU 藍晶黑,images/aks_colorppf_GTPU-0078.jpg
0079,TPU 金屬橡樹綠,images/aks_colorppf_GTPU-0079.jpg
0082,TPU 馬德拉金金屬漆 (Porsche),images/aks_colorppf_GTPU-0082.jpg
0083,TPU 蒙特戈藍金屬漆,images/aks_colorppf_GTPU-0083.jpg
0088,TPU 坎布里亞綠,images/aks_colorppf_GTPU-0088.jpg
0089,TPU 金屬賽車綠(Aston Martin),images/aks_colorppf_GTPU-0089.jpg
0090,TPU 金屬紫水晶,images/aks_colorppf_GTPU-0090.jpg
0091,TPU 消光神秘綠,images/aks_colorppf_GTPU-0091.jpg
0093,TPU 消光玫瑰金,images/aks_colorppf_GTPU-0093.jpg
0098,TPU 緞面暮光金,images/aks_colorppf_GTPU-0098.jpg
0099,TPU 緞面液態金屬貝殼粉,images/aks_colorppf_GTPU-0099.jpg
0104,TPU 桃紅木,images/aks_colorppf_GTPU-0104.jpg
0109,TPU 賽車綠 (Porsche),images/aks_colorppf_GTPU-0109.jpg
0110,TPU 巧克力,images/aks_colorppf_GTPU-0110.jpg
0111,TPU 摩德納黃 (Ferrari),images/aks_colorppf_GTPU-0111.jpg
0112,TPU 阿拉伯灰,images/aks_colorppf_GTPU-0112.jpg
0123,TPU 競速橘 (BMW),images/aks_colorppf_GTPU-0123.jpg
0126,TPU 祖母綠,images/aks_colorppf_GTPU-0126.jpg
0128,TPU 中金星空粉 (Retro),images/aks_colorppf_GTPU-0128.jpg
0131,TPU 火山黃,images/aks_colorppf_GTPU-0131.jpg
0139,TPU 魔焰金紅 (Ferrari),images/aks_colorppf_GTPU-0139.jpg
0141,TPU 消光金屬 STO 賽道金綠 (Lamborghini),images/aks_colorppf_GTPU-0141.jpg
0144,TPU 消光液態金屬暗影金 (Lamborghini),images/aks_colorppf_GTPU-0144.jpg
0145,TPU 消光暗影灰 (Lamborghini),images/aks_colorppf_GTPU-0145.jpg
0146,TPU 消光戰鬥綠 (Lamborghini),images/aks_colorppf_GTPU-0146.jpg
0149,TPU 消光閃耀橘,images/aks_colorppf_GTPU-0149.jpg
0154,TPU 消光黑幻藍,images/aks_colorppf_GTPU-0154.jpg
0155,TPU 消光魔焰寶石紅,images/aks_colorppf_GTPU-0155.jpg
0156,TPU 聖托里尼黑 (Land Rover),images/aks_colorppf_GTPU-0156.jpg
0157,TPU 白變金,images/aks_colorppf_GTPU-0157.jpg
0159,TPU 流光黑魅紅,images/aks_colorppf_GTPU-0159.jpg
0160,TPU 雷射閃白,images/aks_colorppf_GTPU-0160.jpg
0161,TPU 雷射黑,images/aks_colorppf_GTPU-0161.jpg
0163,TPU 康乃馨粉,images/aks_colorppf_GTPU-0163.jpg
0164,TPU 修復法拉利紅,images/aks_colorppf_GTPU-0164.jpg
0165,TPU 玫琳凱粉,images/aks_colorppf_GTPU-0165.jpg
0167,TPU 星光寶石紅,images/aks_colorppf_GTPU-0167.jpg
0168,TPU 草莓紅 (Porsche),images/aks_colorppf_GTPU-0168.jpg
0169,TPU 麥拉倫橘,images/aks_colorppf_GTPU-0169.jpg
0170,TPU 沙漠黃 (AMG),images/aks_colorppf_GTPU-0170.jpg
0171,TPU 水泥灰,images/aks_colorppf_GTPU-0171.jpg
0174,TPU 戰艦灰,images/aks_colorppf_GTPU-0174.jpg
0175,TPU 亮水泥灰,images/aks_colorppf_GTPU-0175.jpg
0176,TPU 高亮深灰,images/aks_colorppf_GTPU-0176.jpg
0177,TPU 毒蛇綠 (Audi),images/aks_colorppf_GTPU-0177.jpg
0178,TPU 裝甲綠,images/aks_colorppf_GTPU-0178.jpg
0182,TPU 復古綠,images/aks_colorppf_GTPU-0182.jpg
0183,TPU 蠟灰 (Retro),images/aks_colorppf_GTPU-0183.jpg
0184,TPU 薄荷綠 (Porsche),images/aks_colorppf_GTPU-0184.jpg
0185,TPU 迷幻綠 (Porsche),images/aks_colorppf_GTPU-0185.jpg
0188,TPU 岩嶼綠,images/aks_colorppf_GTPU-0188.jpg
0189,TPU 邁森藍,images/aks_colorppf_GTPU-0189.jpg
0190,TPU 冰川藍 C,images/aks_colorppf_GTPU-0190.jpg
0191,TPU 高亮海風藍,images/aks_colorppf_GTPU-0191.jpg
0192,TPU 薰衣草紫,images/aks_colorppf_GTPU-0192.jpg
0193,TPU 沙漠黃 (Benz),images/aks_colorppf_GTPU-0193.jpg
0194,TPU 甜菜根紫,images/aks_colorppf_GTPU-0194.jpg
0195,TPU 北極白,images/aks_colorppf_GTPU-0195.jpg
0197,TPU 撒哈拉黃,images/aks_colorppf_GTPU-0197.jpg
0199,TPU 葵花黃,images/aks_colorppf_GTPU-0199.jpg
0200,TPU 古巴沙色,images/aks_colorppf_GTPU-0200.jpg
0204,TPU 緞面軍綠,images/aks_colorppf_GTPU-0204.jpg
0206,TPU 緞面卡其綠,images/aks_colorppf_GTPU-0206.jpg
0207,TPU 緞面沙漠黃,images/aks_colorppf_GTPU-0207.jpg
0208,TPU 消光鯊魚灰,images/aks_colorppf_GTPU-0208.jpg
0209,TPU 消光鋼灰,images/aks_colorppf_GTPU-0209.jpg
0211,TPU 液態金屬紫,images/aks_colorppf_GTPU-0211.jpg
0213,TPU 液態金屬鎢鋼,images/aks_colorppf_GTPU-0213.jpg
0215,TPU 液態索瑪托藍,images/aks_colorppf_GTPU-0215.jpg
0218,TPU 液態金屬蒼嶺綠,images/aks_colorppf_GTPU-0218.jpg
0220,TPU 液態金屬香檳金,images/aks_colorppf_GTPU-0220.jpg
0221,TPU 液態金屬慕斯白,images/aks_colorppf_GTPU-0221.jpg
0222,TPU 液態金屬水銀,images/aks_colorppf_GTPU-0222.jpg
0232,TPU 液態金屬櫻桃紅,images/aks_colorppf_GTPU-0232.jpg
0233,TPU 液態金屬咖啡,images/aks_colorppf_GTPU-0233.jpg
0236,TPU 緞面液態金屬湛藍,images/aks_colorppf_GTPU-0236.jpg
0237,TPU 緞面液態金屬戰鬥綠,images/aks_colorppf_GTPU-0237.jpg
0238,TPU 夢幻粉,images/aks_colorppf_GTPU-0238.jpg
0241,TPU 金屬漆香檳金,images/aks_colorppf_GTPU-0241.jpg
0243,TPU 阿奎拉金屬,images/aks_colorppf_GTPU-0243.jpg
0245,TPU 彩虹祖母綠,images/aks_colorppf_GTPU-0245.jpg
0246,TPU 金屬高山綠,images/aks_colorppf_GTPU-0246.jpg
0251,TPU 索諾瑪綠,images/aks_colorppf_GTPU-0251.jpg
0252,TPU 哈德林綠,images/aks_colorppf_GTPU-0252.jpg
0254,TPU 曼巴綠,images/aks_colorppf_GTPU-0254.jpg
0257,TPU 皇家綠,images/aks_colorppf_GTPU-0257.jpg
0260,TPU 祖母石綠,images/aks_colorppf_GTPU-0260.jpg
0261,TPU 抒情銅,images/aks_colorppf_GTPU-0261.jpg
0262,TPU 黑櫻桃酒,images/aks_colorppf_GTPU-0262.jpg
0263,TPU 金屬藍,images/aks_colorppf_GTPU-0263.jpg
0265,TPU 金屬雪邦藍,images/aks_colorppf_GTPU-0265.jpg
0266,TPU 金屬GT 紫,images/aks_colorppf_GTPU-0266.jpg
0267,TPU 金屬霧藍,images/aks_colorppf_GTPU-0267.jpg
0269,TPU 金屬漆冰川藍 A,images/aks_colorppf_GTPU-0269.jpg
0270,TPU 金屬水晶古銅,images/aks_colorppf_GTPU-0270.jpg
0271,TPU 龍膽藍,images/aks_colorppf_GTPU-0271.jpg
0273,TPU 深瑪瑙,images/aks_colorppf_GTPU-0273.jpg
0276,TPU 錦緞紅,images/aks_colorppf_GTPU-0276.jpg
0277,TPU 珍珠白,images/aks_colorppf_GTPU-0277.jpg
0278,TPU 漢玉白,images/aks_colorppf_GTPU-0278.jpg
0280,TPU 曜岩黑,images/aks_colorppf_GTPU-0280.jpg
0281,TPU 金屬黑玫瑰,images/aks_colorppf_GTPU-0281.jpg
0282,TPU 貝爾尼納灰,images/aks_colorppf_GTPU-0282.jpg
0283,TPU 珊瑚橘,images/aks_colorppf_GTPU-0283.jpg
0284,TPU 布魯克林灰,images/aks_colorppf_GTPU-0284.jpg
0285,TPU 香檳金,images/aks_colorppf_GTPU-0285.jpg
0289,TPU 金屬翡翠雅綠,images/aks_colorppf_GTPU-0289.jpg
0290,TPU 金屬火焰銅棕,images/aks_colorppf_GTPU-0290.jpg
0291,TPU 金屬寒晶淡青,images/aks_colorppf_GTPU-0291.jpg
0293,TPU 消光鑽石橄欖綠,images/aks_colorppf_GTPU-0293.jpg
0294,TPU 消光暗紫,images/aks_colorppf_GTPU-0294.jpg
0295,TPU 消光鉛墨灰,images/aks_colorppf_GTPU-0295.jpg
0301,TPU 鑽石白藍,images/aks_colorppf_GTPU-0301.jpg
0304,TPU 金屬木槿紫,images/aks_colorppf_GTPU-0304.jpg
0306,TPU 金屬黑,images/aks_colorppf_GTPU-0306.jpg
0309,TPU 金屬英倫綠 (Porsche),images/aks_colorppf_GTPU-0309.jpg
0310,TPU 鑽石極光綠,images/aks_colorppf_GTPU-0310.jpg
0313,TPU 火山灰,images/aks_colorppf_GTPU-0313.jpg
0314,TPU 天空藍,images/aks_colorppf_GTPU-0314.jpg
0316,TPU 消光山灰,images/aks_colorppf_GTPU-0316.jpg
0317,TPU 緞面液態金屬槍灰,images/aks_colorppf_GTPU-0317.jpg
0318,TPU 消光超級白,images/aks_colorppf_GTPU-0318.jpg
0320,TPU 消光金屬午夜紫,images/aks_colorppf_GTPU-0320.jpg
0322,TPU 中金星空粉,images/aks_colorppf_GTPU-0322.jpg
0328,TPU 花碳銀,images/aks_colorppf_GTPU-0328.jpg
0331,TPU 水晶寶藍,images/aks_colorppf_GTPU-0331.jpg
0333,TPU 緞面陶瓷白,images/aks_colorppf_GTPU-0333.jpg
0334,TPU 消光金屬鈦銀,images/aks_colorppf_GTPU-0334.jpg
0335,TPU 消光金屬鈦灰,images/aks_colorppf_GTPU-0335.jpg
0337,TPU 白變紫,images/aks_colorppf_GTPU-0337.jpg
0338,TPU 松石藍 (Rolls-Royce),images/aks_colorppf_GTPU-0338.jpg
0339,TPU 海王星藍 (Porsche),images/aks_colorppf_GTPU-0339.jpg
0341,TPU 金屬棕,images/aks_colorppf_GTPU-0341.jpg
0342,TPU 水晶橘紅,images/aks_colorppf_GTPU-0342.jpg
0343,TPU 信號黃 (Retro),images/aks_colorppf_GTPU-0343.jpg
0344,TPU 沙漠黃,images/aks_colorppf_GTPU-0344.jpg
0345,TPU 賽車綠 (Porsche),images/aks_colorppf_GTPU-0345.jpg
0346,TPU 霞光紫,images/aks_colorppf_GTPU-0346.jpg
0347,TPU 迷迭香紫,images/aks_colorppf_GTPU-0347.jpg
0348,TPU 維多利亞紫,images/aks_colorppf_GTPU-0348.jpg
0350,TPU 緞面突尼西亞藍,images/aks_colorppf_GTPU-0350.jpg
0353,TPU 消光藍魅金,images/aks_colorppf_GTPU-0353.jpg
0354,TPU 奶油黃,images/aks_colorppf_GTPU-0354.jpg
0355,TPU 亮面霧紫,images/aks_colorppf_GTPU-0355.jpg
0356,TPU 緞面陶瓷黑,images/aks_colorppf_GTPU-0356.jpg
0364,TPU 熔岩橘 (Xiaomi),images/aks_colorppf_GTPU-0364.jpg
0369,TPU 藍魅金,images/aks_colorppf_GTPU-0369.jpg
0372,TPU 托斯卡納藍,images/aks_colorppf_GTPU-0372.jpg
0373,TPU 流星藍,images/aks_colorppf_GTPU-0373.jpg
0377,TPU 哥特蘭綠,images/aks_colorppf_GTPU-0377.jpg
0379,TPU 液態金屬灰藍,images/aks_colorppf_GTPU-0379.jpg
0380,TPU 月光水晶紫,images/aks_colorppf_GTPU-0380.jpg
0381,TPU 反光閃銀,images/aks_colorppf_GTPU-0381.jpg
0383,TPU 消光琉璃白,images/aks_colorppf_GTPU-0383.jpg
0386,TPU 幻彩螢光黃,images/aks_colorppf_GTPU-0386.jpg
0388,TPU 幻彩競速橘,images/aks_colorppf_GTPU-0388.jpg
0389,TPU 消光幽靈午夜紫,images/aks_colorppf_GTPU-0389.jpg
0390,TPU 晨霧綠,images/aks_colorppf_GTPU-0390.jpg
0391,TPU 雲初黃,images/aks_colorppf_GTPU-0391.jpg
0392,TPU 金屬曙光金,images/aks_colorppf_GTPU-0392.jpg
0395,TPU 超亮黑幻紫,images/aks_colorppf_GTPU-0395.jpg
0396,TPU 亞歷山大銀,images/aks_colorppf_GTPU-0396.jpg
0398,TPU 液態金屬黑,images/aks_colorppf_GTPU-0398.jpg
0412,TPU 消光電鍍鎢鋼,images/aks_colorppf_GTPU-0412.jpg
0413,TPU 紅寶石 (Porsche),images/aks_colorppf_GTPU-0413.jpg
0414,TPU 勃根地紅 (Porsche),images/aks_colorppf_GTPU-0414.jpg
0417,TPU 金屬深釉紅,images/aks_colorppf_GTPU-0417.jpg
0421,TPU 暗夜藍,images/aks_colorppf_GTPU-0421.jpg
0424,TPU 消光黑幻金,images/aks_colorppf_GTPU-0424.jpg
0427,TPU 暗影藍,images/aks_colorppf_GTPU-0427.jpg
0429,TPU 超消光星際灰,images/aks_colorppf_GTPU-0429.jpg
0443,TPU 金屬松柏綠,images/aks_colorppf_GTPU-0443.jpg
0445,TPU 璀璨洋紅 (Xiaomi),images/aks_colorppf_GTPU-0445.jpg
0448,TPU 馬卡龍大黃蜂,images/aks_colorppf_GTPU-0448.jpg
0452,TPU 雙色閃亮灰,images/aks_colorppf_GTPU-0452.jpg
0454,TPU 烈焰橘,images/aks_colorppf_GTPU-0454.jpg
0455,TPU 珠光秋藍,images/aks_colorppf_GTPU-0455.jpg
0459,TPU 消光深巧克力,images/aks_colorppf_GTPU-0459.jpg
0464,TPU 蒂芬妮藍,images/aks_colorppf_GTPU-0464.jpg
0465,TPU 冰霜藍,images/aks_colorppf_GTPU-0465.jpg
0467,TPU 消光山灰 (Benz),images/aks_colorppf_GTPU-0467.jpg
0469,TPU 高亮奶油白,images/aks_colorppf_GTPU-0469.jpg
0471,TPU 亮面平織碳纖維黑 (Ferrari),images/aks_colorppf_GTPU-0471.jpg
0472,TPU 亮面戰機紋碳纖維黑 (Lamborghini),images/aks_colorppf_GTPU-0472.jpg
0482,TPU 撒哈拉黃 (Light),images/aks_colorppf_GTPU-0482.jpg
0489,TPU 魔幻藍紫金,images/aks_colorppf_GTPU-0489.jpg
0492,TPU 液態金屬槍灰 (Retro),images/aks_colorppf_GTPU-0492.jpg
0496,TPU 信號黃,images/aks_colorppf_GTPU-0496.jpg
0497,TPU 貝殼粉,images/aks_colorppf_GTPU-0497.jpg
0506,TPU 典雅灰,images/aks_colorppf_GTPU-0506.jpg
0526,TPU 紫晶瀾粉,images/aks_colorppf_GTPU-0526.jpg
0534,TPU 超級白鑽,images/aks_colorppf_GTPU-0534.jpg
0539,TPU 緞面珍珠白,images/aks_colorppf_GTPU-0539.jpg
0540,TPU 緞面極地藍金,images/aks_colorppf_GTPU-0540.jpg
0541,TPU 木槿花紫,images/aks_colorppf_GTPU-0541.jpg
0543,TPU 松煙霧紫,images/aks_colorppf_GTPU-0543.jpg
0546,TPU 淺灰丁香,images/aks_colorppf_GTPU-0546.jpg
0551,TPU 消光山灰 (Retro),images/aks_colorppf_GTPU-0551.jpg
0562,TPU 緞面琥珀幻影,images/aks_colorppf_GTPU-0562.jpg
